comparison,n_control,n_treatment,x_control,x_treatment,p_control,p_treatment,absolute_lift,relative_lift,z_stat,p_value,ci_low,ci_high
Variant_A vs Control,1198404,401413,51509,19024,0.04298133183801122,0.04739258569104638,0.00441125385303516,0.10263185584058608,11.782957073380022,4.77866600565799e-32,0.0036603217016872636,0.005162186004383057
Variant_B vs Control,1198404,400183,51509,22497,0.04298133183801122,0.05621678082277358,0.013235448984762359,0.3079348270231445,34.500790216473646,7.805546304857203e-261,0.012434726544920229,0.014036171424604489
