loyalty_tier,comparison,n_control,n_treatment,x_control,x_treatment,p_control,p_treatment,absolute_lift,relative_lift,z_stat,p_value,ci_low,ci_high
Bronze,Variant_A vs Control,721417,242618,30037,11366,0.041636113371323384,0.04684730728964875,0.005211193918325363,0.1251604315669517,10.952371549695618,6.473030896209341e-28,0.004252299933951293,0.006170087902699433
Bronze,Variant_B vs Control,721417,241143,30037,13829,0.041636113371323384,0.05734771484140116,0.015711601470077774,0.3773551419162732,32.02693795090031,4.5994070838781676e-225,0.014675432174657665,0.016747770765497882
Gold,Variant_A vs Control,141749,47080,8998,3223,0.06347840196403502,0.06845794392523365,0.004979541961198625,0.07844466475416136,3.8049014591519175,0.00014186065510314057,0.0023690867115974206,0.007589997210799828
Gold,Variant_B vs Control,141749,46974,8998,3685,0.06347840196403502,0.0784476518925363,0.01496924992850128,0.23581642677429737,11.230124027561235,2.9007108411829507e-29,0.012226414282227415,0.017712085574775147
Platinum,Variant_A vs Control,36416,11878,2265,755,0.06219793497363796,0.0635628893753157,0.0013649544016777482,0.021945333108828645,0.5335247957082135,0.5936703513734805,-0.003675209590719042,0.006405118394074538
Platinum,Variant_B vs Control,36416,12304,2265,964,0.06219793497363796,0.07834850455136541,0.016150569577727453,0.2596640802395245,6.226070010870295,4.782804070576605e-10,0.010793526854016645,0.02150761230143826
Silver,Variant_A vs Control,298800,99825,15555,5701,0.05205823293172691,0.057109942399198595,0.005051709467471688,0.09703958784188624,6.1504473694182265,7.726469529445238e-10,0.0034065272138569178,0.006696891721086458
Silver,Variant_B vs Control,298800,99757,15555,6749,0.05205823293172691,0.0676544001924677,0.015596167260740791,0.2995907925110478,18.556400080123012,7.239634891960928e-77,0.013845903110669978,0.017346431410811606
