comparison,n_control,n_treatment,x_control,x_treatment,p_control,p_treatment,absolute_lift,relative_lift,z_stat,p_value,ci_low,ci_high
Variant_A vs Control,379714,127051,55882,19307,0.14716865851667307,0.15196259769698783,0.00479393918031476,0.032574457283455115,4.161092572639517,3.1672865507710794e-05,0.0025210102726231833,0.007066868088006337
Variant_B vs Control,379714,126697,55882,20350,0.14716865851667307,0.1606194306100381,0.013450772093365038,0.0913969878433129,11.593564709208882,4.442506265546623e-31,0.011136139680764868,0.015765404505965207
